{
	"appId": "app.getbaseline.baseline",
	"appName": "baseline",
	"webDir": "build",
	"bundledWebRuntime": false,
	"ios": {
		"scheme": "baseline"
	},
	"plugins": {
		"FirebaseAuthentication": {
			"skipNativeAuth": true,
			"providers": [
				"apple.com",
				"google.com"
			]
		},
		"Keyboard": {
			"resize": "none"
		},
		"LocalNotifications": {
			"largeIcon": "notification_logo",
			"smallIcon": "notification_icon",
			"iconColor": "#03A9F4"
		}
	},
	"packageClassList": [
		"InAppReviewPlugin",
		"InAppReviewPlugin",
		"MediaPlugin",
		"MediaPlugin",
		"FirebaseAnalyticsPlugin",
		"FirebaseAnalyticsPlugin",
		"FirebaseAuthenticationPlugin",
		"FirebaseAuthenticationPlugin",
		"FirebaseMessagingPlugin",
		"FirebaseMessagingPlugin",
		"AppPlugin",
		"DevicePlugin",
		"FilesystemPlugin",
		"HapticsPlugin",
		"KeyboardPlugin",
		"LocalNotificationsPlugin",
		"SharePlugin",
		"StatusBarPlugin",
		"CloudKitPlugin",
		"CloudKitPlugin"
	]
}
