[
	{
		"pkg": "@capacitor-community/in-app-review",
		"classpath": "com.getcapacitor.community.inappreview.InAppReviewPlugin"
	},
	{
		"pkg": "@capacitor-community/media",
		"classpath": "com.getcapacitor.community.media.MediaPlugin"
	},
	{
		"pkg": "@capacitor-firebase/analytics",
		"classpath": "io.capawesome.capacitorjs.plugins.firebase.analytics.FirebaseAnalyticsPlugin"
	},
	{
		"pkg": "@capacitor-firebase/authentication",
		"classpath": "io.capawesome.capacitorjs.plugins.firebase.authentication.FirebaseAuthenticationPlugin"
	},
	{
		"pkg": "@capacitor-firebase/messaging",
		"classpath": "io.capawesome.capacitorjs.plugins.firebase.messaging.FirebaseMessagingPlugin"
	},
	{
		"pkg": "@capacitor/app",
		"classpath": "com.capacitorjs.plugins.app.AppPlugin"
	},
	{
		"pkg": "@capacitor/device",
		"classpath": "com.capacitorjs.plugins.device.DevicePlugin"
	},
	{
		"pkg": "@capacitor/filesystem",
		"classpath": "com.capacitorjs.plugins.filesystem.FilesystemPlugin"
	},
	{
		"pkg": "@capacitor/haptics",
		"classpath": "com.capacitorjs.plugins.haptics.HapticsPlugin"
	},
	{
		"pkg": "@capacitor/keyboard",
		"classpath": "com.capacitorjs.plugins.keyboard.KeyboardPlugin"
	},
	{
		"pkg": "@capacitor/local-notifications",
		"classpath": "com.capacitorjs.plugins.localnotifications.LocalNotificationsPlugin"
	},
	{
		"pkg": "@capacitor/share",
		"classpath": "com.capacitorjs.plugins.share.SharePlugin"
	},
	{
		"pkg": "@capacitor/status-bar",
		"classpath": "com.capacitorjs.plugins.statusbar.StatusBarPlugin"
	},
	{
		"pkg": "capacitor-cloudkit",
		"classpath": "cloudkit.baseline.getbaseline.app.CloudKitPlugin"
	}
]
